subj,possible_vocab,vocab,type,word,avg_known,understands,ci_lower,ci_upper
1,85,72,early,bird,0.926829268292683,TRUE,0.8378378378378378,1
1,85,72,early,cat,1,TRUE,1,1
1,85,72,early,cow,0.9512195121951219,TRUE,0.875,1
1,85,72,early,dog,0.975609756097561,TRUE,0.9210526315789473,1
1,85,72,late,donkey,0.34146341463414637,FALSE,0.2068711967545639,0.4857142857142857
1,85,72,early,duck,0.926829268292683,TRUE,0.8372093023255814,1
1,85,72,early,elephant,0.8780487804878049,TRUE,0.7646671826625386,0.9722222222222222
1,85,72,early,fish,0.9512195121951219,TRUE,0.871774193548387,1
1,85,72,early,horse,0.9024390243902439,TRUE,0.8,0.9787234042553191
1,85,72,late,leopard,0.21951219512195122,FALSE,0.09090909090909091,0.34043762088974855
1,85,72,late,lobster,0.17073170731707318,FALSE,0.06379654255319148,0.30005813953488364
1,85,72,late,peacock,0.3170731707317073,FALSE,0.17770833333333333,0.4687959558823529
1,85,72,late,raccoon,0.3902439024390244,FALSE,0.23995238095238094,0.5476382488479263
1,85,72,late,rhinoceros,0.4634146341463415,TRUE,0.29721780604133546,0.6123233908948194
1,85,72,late,squirrel,0.6097560975609756,TRUE,0.4523809523809524,0.7631578947368421
1,85,72,late,swan,0.12195121951219512,FALSE,0.029411764705882353,0.22920673076923073
2,85,55,early,bird,0.926829268292683,TRUE,0.8378378378378378,1
2,85,55,early,cat,1,TRUE,1,1
2,85,55,early,cow,0.9512195121951219,TRUE,0.875,1
2,85,55,early,dog,0.975609756097561,TRUE,0.9210526315789473,1
2,85,55,late,donkey,0.34146341463414637,FALSE,0.2068711967545639,0.4857142857142857
2,85,55,early,duck,0.926829268292683,TRUE,0.8372093023255814,1
2,85,55,early,elephant,0.8780487804878049,TRUE,0.7646671826625386,0.9722222222222222
2,85,55,early,fish,0.9512195121951219,TRUE,0.871774193548387,1
2,85,55,early,horse,0.9024390243902439,TRUE,0.8,0.9787234042553191
2,85,55,late,leopard,0.21951219512195122,FALSE,0.09090909090909091,0.34043762088974855
2,85,55,late,lobster,0.17073170731707318,FALSE,0.06379654255319148,0.30005813953488364
2,85,55,late,peacock,0.3170731707317073,FALSE,0.17770833333333333,0.4687959558823529
2,85,55,late,raccoon,0.3902439024390244,FALSE,0.23995238095238094,0.5476382488479263
2,85,55,late,rhinoceros,0.4634146341463415,FALSE,0.29721780604133546,0.6123233908948194
2,85,55,late,squirrel,0.6097560975609756,FALSE,0.4523809523809524,0.7631578947368421
2,85,55,late,swan,0.12195121951219512,FALSE,0.029411764705882353,0.22920673076923073
3,85,65,early,bird,0.926829268292683,TRUE,0.8378378378378378,1
3,85,65,early,cat,1,TRUE,1,1
3,85,65,early,cow,0.9512195121951219,TRUE,0.875,1
3,85,65,early,dog,0.975609756097561,TRUE,0.9210526315789473,1
3,85,65,late,donkey,0.34146341463414637,FALSE,0.2068711967545639,0.4857142857142857
3,85,65,early,duck,0.926829268292683,TRUE,0.8372093023255814,1
3,85,65,early,elephant,0.8780487804878049,TRUE,0.7646671826625386,0.9722222222222222
3,85,65,early,fish,0.9512195121951219,TRUE,0.871774193548387,1
3,85,65,early,horse,0.9024390243902439,TRUE,0.8,0.9787234042553191
3,85,65,late,leopard,0.21951219512195122,FALSE,0.09090909090909091,0.34043762088974855
3,85,65,late,lobster,0.17073170731707318,FALSE,0.06379654255319148,0.30005813953488364
3,85,65,late,peacock,0.3170731707317073,FALSE,0.17770833333333333,0.4687959558823529
3,85,65,late,raccoon,0.3902439024390244,FALSE,0.23995238095238094,0.5476382488479263
3,85,65,late,rhinoceros,0.4634146341463415,FALSE,0.29721780604133546,0.6123233908948194
3,85,65,late,squirrel,0.6097560975609756,FALSE,0.4523809523809524,0.7631578947368421
3,85,65,late,swan,0.12195121951219512,FALSE,0.029411764705882353,0.22920673076923073
4,85,79,early,bird,0.926829268292683,TRUE,0.8378378378378378,1
4,85,79,early,cat,1,TRUE,1,1
4,85,79,early,cow,0.9512195121951219,TRUE,0.875,1
4,85,79,early,dog,0.975609756097561,TRUE,0.9210526315789473,1
4,85,79,late,donkey,0.34146341463414637,TRUE,0.2068711967545639,0.4857142857142857
4,85,79,early,duck,0.926829268292683,TRUE,0.8372093023255814,1
4,85,79,early,elephant,0.8780487804878049,TRUE,0.7646671826625386,0.9722222222222222
4,85,79,early,fish,0.9512195121951219,TRUE,0.871774193548387,1
4,85,79,early,horse,0.9024390243902439,TRUE,0.8,0.9787234042553191
4,85,79,late,leopard,0.21951219512195122,FALSE,0.09090909090909091,0.34043762088974855
4,85,79,late,lobster,0.17073170731707318,FALSE,0.06379654255319148,0.30005813953488364
4,85,79,late,peacock,0.3170731707317073,FALSE,0.17770833333333333,0.4687959558823529
4,85,79,late,raccoon,0.3902439024390244,TRUE,0.23995238095238094,0.5476382488479263
4,85,79,late,rhinoceros,0.4634146341463415,FALSE,0.29721780604133546,0.6123233908948194
4,85,79,late,squirrel,0.6097560975609756,TRUE,0.4523809523809524,0.7631578947368421
4,85,79,late,swan,0.12195121951219512,FALSE,0.029411764705882353,0.22920673076923073
5,85,71,early,bird,0.926829268292683,TRUE,0.8378378378378378,1
5,85,71,early,cat,1,TRUE,1,1
5,85,71,early,cow,0.9512195121951219,TRUE,0.875,1
5,85,71,early,dog,0.975609756097561,TRUE,0.9210526315789473,1
5,85,71,late,donkey,0.34146341463414637,FALSE,0.2068711967545639,0.4857142857142857
5,85,71,early,duck,0.926829268292683,TRUE,0.8372093023255814,1
5,85,71,early,elephant,0.8780487804878049,TRUE,0.7646671826625386,0.9722222222222222
5,85,71,early,fish,0.9512195121951219,TRUE,0.871774193548387,1
5,85,71,early,horse,0.9024390243902439,TRUE,0.8,0.9787234042553191
5,85,71,late,leopard,0.21951219512195122,TRUE,0.09090909090909091,0.34043762088974855
5,85,71,late,lobster,0.17073170731707318,FALSE,0.06379654255319148,0.30005813953488364
5,85,71,late,peacock,0.3170731707317073,TRUE,0.17770833333333333,0.4687959558823529
5,85,71,late,raccoon,0.3902439024390244,TRUE,0.23995238095238094,0.5476382488479263
5,85,71,late,rhinoceros,0.4634146341463415,TRUE,0.29721780604133546,0.6123233908948194
5,85,71,late,squirrel,0.6097560975609756,TRUE,0.4523809523809524,0.7631578947368421
5,85,71,late,swan,0.12195121951219512,FALSE,0.029411764705882353,0.22920673076923073
6,85,70,early,bird,0.926829268292683,TRUE,0.8378378378378378,1
6,85,70,early,cat,1,TRUE,1,1
6,85,70,early,cow,0.9512195121951219,TRUE,0.875,1
6,85,70,early,dog,0.975609756097561,TRUE,0.9210526315789473,1
6,85,70,late,donkey,0.34146341463414637,FALSE,0.2068711967545639,0.4857142857142857
6,85,70,early,duck,0.926829268292683,TRUE,0.8372093023255814,1
6,85,70,early,elephant,0.8780487804878049,TRUE,0.7646671826625386,0.9722222222222222
6,85,70,early,fish,0.9512195121951219,TRUE,0.871774193548387,1
6,85,70,early,horse,0.9024390243902439,TRUE,0.8,0.9787234042553191
6,85,70,late,leopard,0.21951219512195122,FALSE,0.09090909090909091,0.34043762088974855
6,85,70,late,lobster,0.17073170731707318,FALSE,0.06379654255319148,0.30005813953488364
6,85,70,late,peacock,0.3170731707317073,FALSE,0.17770833333333333,0.4687959558823529
6,85,70,late,raccoon,0.3902439024390244,FALSE,0.23995238095238094,0.5476382488479263
6,85,70,late,rhinoceros,0.4634146341463415,FALSE,0.29721780604133546,0.6123233908948194
6,85,70,late,squirrel,0.6097560975609756,TRUE,0.4523809523809524,0.7631578947368421
6,85,70,late,swan,0.12195121951219512,FALSE,0.029411764705882353,0.22920673076923073
7,85,77,early,bird,0.926829268292683,TRUE,0.8378378378378378,1
7,85,77,early,cat,1,TRUE,1,1
7,85,77,early,cow,0.9512195121951219,TRUE,0.875,1
7,85,77,early,dog,0.975609756097561,TRUE,0.9210526315789473,1
7,85,77,late,donkey,0.34146341463414637,TRUE,0.2068711967545639,0.4857142857142857
7,85,77,early,duck,0.926829268292683,TRUE,0.8372093023255814,1
7,85,77,early,elephant,0.8780487804878049,TRUE,0.7646671826625386,0.9722222222222222
7,85,77,early,fish,0.9512195121951219,TRUE,0.871774193548387,1
7,85,77,early,horse,0.9024390243902439,TRUE,0.8,0.9787234042553191
7,85,77,late,leopard,0.21951219512195122,TRUE,0.09090909090909091,0.34043762088974855
7,85,77,late,lobster,0.17073170731707318,TRUE,0.06379654255319148,0.30005813953488364
7,85,77,late,peacock,0.3170731707317073,FALSE,0.17770833333333333,0.4687959558823529
7,85,77,late,raccoon,0.3902439024390244,TRUE,0.23995238095238094,0.5476382488479263
7,85,77,late,rhinoceros,0.4634146341463415,TRUE,0.29721780604133546,0.6123233908948194
7,85,77,late,squirrel,0.6097560975609756,TRUE,0.4523809523809524,0.7631578947368421
7,85,77,late,swan,0.12195121951219512,TRUE,0.029411764705882353,0.22920673076923073
8,85,75,early,bird,0.926829268292683,TRUE,0.8378378378378378,1
8,85,75,early,cat,1,TRUE,1,1
8,85,75,early,cow,0.9512195121951219,TRUE,0.875,1
8,85,75,early,dog,0.975609756097561,TRUE,0.9210526315789473,1
8,85,75,late,donkey,0.34146341463414637,FALSE,0.2068711967545639,0.4857142857142857
8,85,75,early,duck,0.926829268292683,TRUE,0.8372093023255814,1
8,85,75,early,elephant,0.8780487804878049,TRUE,0.7646671826625386,0.9722222222222222
8,85,75,early,fish,0.9512195121951219,TRUE,0.871774193548387,1
8,85,75,early,horse,0.9024390243902439,TRUE,0.8,0.9787234042553191
8,85,75,late,leopard,0.21951219512195122,FALSE,0.09090909090909091,0.34043762088974855
8,85,75,late,lobster,0.17073170731707318,FALSE,0.06379654255319148,0.30005813953488364
8,85,75,late,peacock,0.3170731707317073,FALSE,0.17770833333333333,0.4687959558823529
8,85,75,late,raccoon,0.3902439024390244,TRUE,0.23995238095238094,0.5476382488479263
8,85,75,late,rhinoceros,0.4634146341463415,TRUE,0.29721780604133546,0.6123233908948194
8,85,75,late,squirrel,0.6097560975609756,TRUE,0.4523809523809524,0.7631578947368421
8,85,75,late,swan,0.12195121951219512,FALSE,0.029411764705882353,0.22920673076923073
9,85,81,early,bird,0.926829268292683,TRUE,0.8378378378378378,1
9,85,81,early,cat,1,TRUE,1,1
9,85,81,early,cow,0.9512195121951219,TRUE,0.875,1
9,85,81,early,dog,0.975609756097561,TRUE,0.9210526315789473,1
9,85,81,late,donkey,0.34146341463414637,TRUE,0.2068711967545639,0.4857142857142857
9,85,81,early,duck,0.926829268292683,TRUE,0.8372093023255814,1
9,85,81,early,elephant,0.8780487804878049,TRUE,0.7646671826625386,0.9722222222222222
9,85,81,early,fish,0.9512195121951219,TRUE,0.871774193548387,1
9,85,81,early,horse,0.9024390243902439,TRUE,0.8,0.9787234042553191
9,85,81,late,leopard,0.21951219512195122,FALSE,0.09090909090909091,0.34043762088974855
9,85,81,late,lobster,0.17073170731707318,TRUE,0.06379654255319148,0.30005813953488364
9,85,81,late,peacock,0.3170731707317073,TRUE,0.17770833333333333,0.4687959558823529
9,85,81,late,raccoon,0.3902439024390244,TRUE,0.23995238095238094,0.5476382488479263
9,85,81,late,rhinoceros,0.4634146341463415,TRUE,0.29721780604133546,0.6123233908948194
9,85,81,late,squirrel,0.6097560975609756,TRUE,0.4523809523809524,0.7631578947368421
9,85,81,late,swan,0.12195121951219512,FALSE,0.029411764705882353,0.22920673076923073
10,85,61,early,bird,0.926829268292683,TRUE,0.8378378378378378,1
10,85,61,early,cat,1,TRUE,1,1
10,85,61,early,cow,0.9512195121951219,TRUE,0.875,1
10,85,61,early,dog,0.975609756097561,TRUE,0.9210526315789473,1
10,85,61,late,donkey,0.34146341463414637,FALSE,0.2068711967545639,0.4857142857142857
10,85,61,early,duck,0.926829268292683,TRUE,0.8372093023255814,1
10,85,61,early,elephant,0.8780487804878049,TRUE,0.7646671826625386,0.9722222222222222
10,85,61,early,fish,0.9512195121951219,TRUE,0.871774193548387,1
10,85,61,early,horse,0.9024390243902439,TRUE,0.8,0.9787234042553191
10,85,61,late,leopard,0.21951219512195122,FALSE,0.09090909090909091,0.34043762088974855
10,85,61,late,lobster,0.17073170731707318,FALSE,0.06379654255319148,0.30005813953488364
10,85,61,late,peacock,0.3170731707317073,FALSE,0.17770833333333333,0.4687959558823529
10,85,61,late,raccoon,0.3902439024390244,FALSE,0.23995238095238094,0.5476382488479263
10,85,61,late,rhinoceros,0.4634146341463415,FALSE,0.29721780604133546,0.6123233908948194
10,85,61,late,squirrel,0.6097560975609756,TRUE,0.4523809523809524,0.7631578947368421
10,85,61,late,swan,0.12195121951219512,FALSE,0.029411764705882353,0.22920673076923073
11,85,75,early,bird,0.926829268292683,TRUE,0.8378378378378378,1
11,85,75,early,cat,1,TRUE,1,1
11,85,75,early,cow,0.9512195121951219,TRUE,0.875,1
11,85,75,early,dog,0.975609756097561,TRUE,0.9210526315789473,1
11,85,75,late,donkey,0.34146341463414637,TRUE,0.2068711967545639,0.4857142857142857
11,85,75,early,duck,0.926829268292683,TRUE,0.8372093023255814,1
11,85,75,early,elephant,0.8780487804878049,TRUE,0.7646671826625386,0.9722222222222222
11,85,75,early,fish,0.9512195121951219,TRUE,0.871774193548387,1
11,85,75,early,horse,0.9024390243902439,TRUE,0.8,0.9787234042553191
11,85,75,late,leopard,0.21951219512195122,FALSE,0.09090909090909091,0.34043762088974855
11,85,75,late,lobster,0.17073170731707318,FALSE,0.06379654255319148,0.30005813953488364
11,85,75,late,peacock,0.3170731707317073,FALSE,0.17770833333333333,0.4687959558823529
11,85,75,late,raccoon,0.3902439024390244,TRUE,0.23995238095238094,0.5476382488479263
11,85,75,late,rhinoceros,0.4634146341463415,TRUE,0.29721780604133546,0.6123233908948194
11,85,75,late,squirrel,0.6097560975609756,TRUE,0.4523809523809524,0.7631578947368421
11,85,75,late,swan,0.12195121951219512,FALSE,0.029411764705882353,0.22920673076923073
12,85,70,early,bird,0.926829268292683,TRUE,0.8378378378378378,1
12,85,70,early,cat,1,TRUE,1,1
12,85,70,early,cow,0.9512195121951219,TRUE,0.875,1
12,85,70,early,dog,0.975609756097561,TRUE,0.9210526315789473,1
12,85,70,late,donkey,0.34146341463414637,FALSE,0.2068711967545639,0.4857142857142857
12,85,70,early,duck,0.926829268292683,TRUE,0.8372093023255814,1
12,85,70,early,elephant,0.8780487804878049,TRUE,0.7646671826625386,0.9722222222222222
12,85,70,early,fish,0.9512195121951219,TRUE,0.871774193548387,1
12,85,70,early,horse,0.9024390243902439,TRUE,0.8,0.9787234042553191
12,85,70,late,leopard,0.21951219512195122,FALSE,0.09090909090909091,0.34043762088974855
12,85,70,late,lobster,0.17073170731707318,FALSE,0.06379654255319148,0.30005813953488364
12,85,70,late,peacock,0.3170731707317073,TRUE,0.17770833333333333,0.4687959558823529
12,85,70,late,raccoon,0.3902439024390244,TRUE,0.23995238095238094,0.5476382488479263
12,85,70,late,rhinoceros,0.4634146341463415,TRUE,0.29721780604133546,0.6123233908948194
12,85,70,late,squirrel,0.6097560975609756,TRUE,0.4523809523809524,0.7631578947368421
12,85,70,late,swan,0.12195121951219512,TRUE,0.029411764705882353,0.22920673076923073
13,85,78,early,bird,0.926829268292683,TRUE,0.8378378378378378,1
13,85,78,early,cat,1,TRUE,1,1
13,85,78,early,cow,0.9512195121951219,TRUE,0.875,1
13,85,78,early,dog,0.975609756097561,TRUE,0.9210526315789473,1
13,85,78,late,donkey,0.34146341463414637,TRUE,0.2068711967545639,0.4857142857142857
13,85,78,early,duck,0.926829268292683,TRUE,0.8372093023255814,1
13,85,78,early,elephant,0.8780487804878049,TRUE,0.7646671826625386,0.9722222222222222
13,85,78,early,fish,0.9512195121951219,TRUE,0.871774193548387,1
13,85,78,early,horse,0.9024390243902439,TRUE,0.8,0.9787234042553191
13,85,78,late,leopard,0.21951219512195122,TRUE,0.09090909090909091,0.34043762088974855
13,85,78,late,lobster,0.17073170731707318,TRUE,0.06379654255319148,0.30005813953488364
13,85,78,late,peacock,0.3170731707317073,FALSE,0.17770833333333333,0.4687959558823529
13,85,78,late,raccoon,0.3902439024390244,TRUE,0.23995238095238094,0.5476382488479263
13,85,78,late,rhinoceros,0.4634146341463415,TRUE,0.29721780604133546,0.6123233908948194
13,85,78,late,squirrel,0.6097560975609756,TRUE,0.4523809523809524,0.7631578947368421
13,85,78,late,swan,0.12195121951219512,TRUE,0.029411764705882353,0.22920673076923073
14,85,51,early,bird,0.926829268292683,TRUE,0.8378378378378378,1
14,85,51,early,cat,1,TRUE,1,1
14,85,51,early,cow,0.9512195121951219,TRUE,0.875,1
14,85,51,early,dog,0.975609756097561,TRUE,0.9210526315789473,1
14,85,51,late,donkey,0.34146341463414637,FALSE,0.2068711967545639,0.4857142857142857
14,85,51,early,duck,0.926829268292683,TRUE,0.8372093023255814,1
14,85,51,early,elephant,0.8780487804878049,TRUE,0.7646671826625386,0.9722222222222222
14,85,51,early,fish,0.9512195121951219,TRUE,0.871774193548387,1
14,85,51,early,horse,0.9024390243902439,TRUE,0.8,0.9787234042553191
14,85,51,late,leopard,0.21951219512195122,FALSE,0.09090909090909091,0.34043762088974855
14,85,51,late,lobster,0.17073170731707318,FALSE,0.06379654255319148,0.30005813953488364
14,85,51,late,peacock,0.3170731707317073,FALSE,0.17770833333333333,0.4687959558823529
14,85,51,late,raccoon,0.3902439024390244,FALSE,0.23995238095238094,0.5476382488479263
14,85,51,late,rhinoceros,0.4634146341463415,FALSE,0.29721780604133546,0.6123233908948194
14,85,51,late,squirrel,0.6097560975609756,FALSE,0.4523809523809524,0.7631578947368421
14,85,51,late,swan,0.12195121951219512,FALSE,0.029411764705882353,0.22920673076923073
15,85,70,early,bird,0.926829268292683,TRUE,0.8378378378378378,1
15,85,70,early,cat,1,TRUE,1,1
15,85,70,early,cow,0.9512195121951219,TRUE,0.875,1
15,85,70,early,dog,0.975609756097561,TRUE,0.9210526315789473,1
15,85,70,late,donkey,0.34146341463414637,TRUE,0.2068711967545639,0.4857142857142857
15,85,70,early,duck,0.926829268292683,TRUE,0.8372093023255814,1
15,85,70,early,elephant,0.8780487804878049,TRUE,0.7646671826625386,0.9722222222222222
15,85,70,early,fish,0.9512195121951219,TRUE,0.871774193548387,1
15,85,70,early,horse,0.9024390243902439,TRUE,0.8,0.9787234042553191
15,85,70,late,leopard,0.21951219512195122,TRUE,0.09090909090909091,0.34043762088974855
15,85,70,late,lobster,0.17073170731707318,FALSE,0.06379654255319148,0.30005813953488364
15,85,70,late,peacock,0.3170731707317073,FALSE,0.17770833333333333,0.4687959558823529
15,85,70,late,raccoon,0.3902439024390244,TRUE,0.23995238095238094,0.5476382488479263
15,85,70,late,rhinoceros,0.4634146341463415,TRUE,0.29721780604133546,0.6123233908948194
15,85,70,late,squirrel,0.6097560975609756,TRUE,0.4523809523809524,0.7631578947368421
15,85,70,late,swan,0.12195121951219512,FALSE,0.029411764705882353,0.22920673076923073
16,85,75,early,bird,0.926829268292683,TRUE,0.8378378378378378,1
16,85,75,early,cat,1,TRUE,1,1
16,85,75,early,cow,0.9512195121951219,TRUE,0.875,1
16,85,75,early,dog,0.975609756097561,TRUE,0.9210526315789473,1
16,85,75,late,donkey,0.34146341463414637,FALSE,0.2068711967545639,0.4857142857142857
16,85,75,early,duck,0.926829268292683,TRUE,0.8372093023255814,1
16,85,75,early,elephant,0.8780487804878049,TRUE,0.7646671826625386,0.9722222222222222
16,85,75,early,fish,0.9512195121951219,TRUE,0.871774193548387,1
16,85,75,early,horse,0.9024390243902439,TRUE,0.8,0.9787234042553191
16,85,75,late,leopard,0.21951219512195122,TRUE,0.09090909090909091,0.34043762088974855
16,85,75,late,lobster,0.17073170731707318,TRUE,0.06379654255319148,0.30005813953488364
16,85,75,late,peacock,0.3170731707317073,FALSE,0.17770833333333333,0.4687959558823529
16,85,75,late,raccoon,0.3902439024390244,TRUE,0.23995238095238094,0.5476382488479263
16,85,75,late,rhinoceros,0.4634146341463415,TRUE,0.29721780604133546,0.6123233908948194
16,85,75,late,squirrel,0.6097560975609756,TRUE,0.4523809523809524,0.7631578947368421
16,85,75,late,swan,0.12195121951219512,FALSE,0.029411764705882353,0.22920673076923073
17,85,56,early,bird,0.926829268292683,TRUE,0.8378378378378378,1
17,85,56,early,cat,1,TRUE,1,1
17,85,56,early,cow,0.9512195121951219,TRUE,0.875,1
17,85,56,early,dog,0.975609756097561,TRUE,0.9210526315789473,1
17,85,56,late,donkey,0.34146341463414637,FALSE,0.2068711967545639,0.4857142857142857
17,85,56,early,duck,0.926829268292683,TRUE,0.8372093023255814,1
17,85,56,early,elephant,0.8780487804878049,TRUE,0.7646671826625386,0.9722222222222222
17,85,56,early,fish,0.9512195121951219,TRUE,0.871774193548387,1
17,85,56,early,horse,0.9024390243902439,TRUE,0.8,0.9787234042553191
17,85,56,late,leopard,0.21951219512195122,FALSE,0.09090909090909091,0.34043762088974855
17,85,56,late,lobster,0.17073170731707318,FALSE,0.06379654255319148,0.30005813953488364
17,85,56,late,peacock,0.3170731707317073,FALSE,0.17770833333333333,0.4687959558823529
17,85,56,late,raccoon,0.3902439024390244,FALSE,0.23995238095238094,0.5476382488479263
17,85,56,late,rhinoceros,0.4634146341463415,FALSE,0.29721780604133546,0.6123233908948194
17,85,56,late,squirrel,0.6097560975609756,FALSE,0.4523809523809524,0.7631578947368421
17,85,56,late,swan,0.12195121951219512,FALSE,0.029411764705882353,0.22920673076923073
18,85,55,early,bird,0.926829268292683,TRUE,0.8378378378378378,1
18,85,55,early,cat,1,TRUE,1,1
18,85,55,early,cow,0.9512195121951219,TRUE,0.875,1
18,85,55,early,dog,0.975609756097561,TRUE,0.9210526315789473,1
18,85,55,late,donkey,0.34146341463414637,FALSE,0.2068711967545639,0.4857142857142857
18,85,55,early,duck,0.926829268292683,TRUE,0.8372093023255814,1
18,85,55,early,elephant,0.8780487804878049,TRUE,0.7646671826625386,0.9722222222222222
18,85,55,early,fish,0.9512195121951219,TRUE,0.871774193548387,1
18,85,55,early,horse,0.9024390243902439,TRUE,0.8,0.9787234042553191
18,85,55,late,leopard,0.21951219512195122,FALSE,0.09090909090909091,0.34043762088974855
18,85,55,late,lobster,0.17073170731707318,FALSE,0.06379654255319148,0.30005813953488364
18,85,55,late,peacock,0.3170731707317073,TRUE,0.17770833333333333,0.4687959558823529
18,85,55,late,raccoon,0.3902439024390244,FALSE,0.23995238095238094,0.5476382488479263
18,85,55,late,rhinoceros,0.4634146341463415,FALSE,0.29721780604133546,0.6123233908948194
18,85,55,late,squirrel,0.6097560975609756,FALSE,0.4523809523809524,0.7631578947368421
18,85,55,late,swan,0.12195121951219512,FALSE,0.029411764705882353,0.22920673076923073
19,85,22,early,bird,0.926829268292683,FALSE,0.8378378378378378,1
19,85,22,early,cat,1,TRUE,1,1
19,85,22,early,cow,0.9512195121951219,FALSE,0.875,1
19,85,22,early,dog,0.975609756097561,TRUE,0.9210526315789473,1
19,85,22,late,donkey,0.34146341463414637,FALSE,0.2068711967545639,0.4857142857142857
19,85,22,early,duck,0.926829268292683,FALSE,0.8372093023255814,1
19,85,22,early,elephant,0.8780487804878049,FALSE,0.7646671826625386,0.9722222222222222
19,85,22,early,fish,0.9512195121951219,TRUE,0.871774193548387,1
19,85,22,early,horse,0.9024390243902439,FALSE,0.8,0.9787234042553191
19,85,22,late,leopard,0.21951219512195122,FALSE,0.09090909090909091,0.34043762088974855
19,85,22,late,lobster,0.17073170731707318,FALSE,0.06379654255319148,0.30005813953488364
19,85,22,late,peacock,0.3170731707317073,FALSE,0.17770833333333333,0.4687959558823529
19,85,22,late,raccoon,0.3902439024390244,FALSE,0.23995238095238094,0.5476382488479263
19,85,22,late,rhinoceros,0.4634146341463415,FALSE,0.29721780604133546,0.6123233908948194
19,85,22,late,squirrel,0.6097560975609756,FALSE,0.4523809523809524,0.7631578947368421
19,85,22,late,swan,0.12195121951219512,FALSE,0.029411764705882353,0.22920673076923073
20,85,45,early,bird,0.926829268292683,TRUE,0.8378378378378378,1
20,85,45,early,cat,1,TRUE,1,1
20,85,45,early,cow,0.9512195121951219,TRUE,0.875,1
20,85,45,early,dog,0.975609756097561,TRUE,0.9210526315789473,1
20,85,45,late,donkey,0.34146341463414637,FALSE,0.2068711967545639,0.4857142857142857
20,85,45,early,duck,0.926829268292683,TRUE,0.8372093023255814,1
20,85,45,early,elephant,0.8780487804878049,FALSE,0.7646671826625386,0.9722222222222222
20,85,45,early,fish,0.9512195121951219,FALSE,0.871774193548387,1
20,85,45,early,horse,0.9024390243902439,TRUE,0.8,0.9787234042553191
20,85,45,late,leopard,0.21951219512195122,FALSE,0.09090909090909091,0.34043762088974855
20,85,45,late,lobster,0.17073170731707318,FALSE,0.06379654255319148,0.30005813953488364
20,85,45,late,peacock,0.3170731707317073,FALSE,0.17770833333333333,0.4687959558823529
20,85,45,late,raccoon,0.3902439024390244,FALSE,0.23995238095238094,0.5476382488479263
20,85,45,late,rhinoceros,0.4634146341463415,FALSE,0.29721780604133546,0.6123233908948194
20,85,45,late,squirrel,0.6097560975609756,FALSE,0.4523809523809524,0.7631578947368421
20,85,45,late,swan,0.12195121951219512,FALSE,0.029411764705882353,0.22920673076923073
21,85,81,early,bird,0.926829268292683,TRUE,0.8378378378378378,1
21,85,81,early,cat,1,TRUE,1,1
21,85,81,early,cow,0.9512195121951219,TRUE,0.875,1
21,85,81,early,dog,0.975609756097561,TRUE,0.9210526315789473,1
21,85,81,late,donkey,0.34146341463414637,TRUE,0.2068711967545639,0.4857142857142857
21,85,81,early,duck,0.926829268292683,TRUE,0.8372093023255814,1
21,85,81,early,elephant,0.8780487804878049,TRUE,0.7646671826625386,0.9722222222222222
21,85,81,early,fish,0.9512195121951219,TRUE,0.871774193548387,1
21,85,81,early,horse,0.9024390243902439,TRUE,0.8,0.9787234042553191
21,85,81,late,leopard,0.21951219512195122,TRUE,0.09090909090909091,0.34043762088974855
21,85,81,late,lobster,0.17073170731707318,TRUE,0.06379654255319148,0.30005813953488364
21,85,81,late,peacock,0.3170731707317073,TRUE,0.17770833333333333,0.4687959558823529
21,85,81,late,raccoon,0.3902439024390244,TRUE,0.23995238095238094,0.5476382488479263
21,85,81,late,rhinoceros,0.4634146341463415,TRUE,0.29721780604133546,0.6123233908948194
21,85,81,late,squirrel,0.6097560975609756,TRUE,0.4523809523809524,0.7631578947368421
21,85,81,late,swan,0.12195121951219512,FALSE,0.029411764705882353,0.22920673076923073
22,85,54,early,bird,0.926829268292683,TRUE,0.8378378378378378,1
22,85,54,early,cat,1,TRUE,1,1
22,85,54,early,cow,0.9512195121951219,TRUE,0.875,1
22,85,54,early,dog,0.975609756097561,TRUE,0.9210526315789473,1
22,85,54,late,donkey,0.34146341463414637,FALSE,0.2068711967545639,0.4857142857142857
22,85,54,early,duck,0.926829268292683,TRUE,0.8372093023255814,1
22,85,54,early,elephant,0.8780487804878049,TRUE,0.7646671826625386,0.9722222222222222
22,85,54,early,fish,0.9512195121951219,TRUE,0.871774193548387,1
22,85,54,early,horse,0.9024390243902439,TRUE,0.8,0.9787234042553191
22,85,54,late,leopard,0.21951219512195122,FALSE,0.09090909090909091,0.34043762088974855
22,85,54,late,lobster,0.17073170731707318,FALSE,0.06379654255319148,0.30005813953488364
22,85,54,late,peacock,0.3170731707317073,FALSE,0.17770833333333333,0.4687959558823529
22,85,54,late,raccoon,0.3902439024390244,FALSE,0.23995238095238094,0.5476382488479263
22,85,54,late,rhinoceros,0.4634146341463415,TRUE,0.29721780604133546,0.6123233908948194
22,85,54,late,squirrel,0.6097560975609756,TRUE,0.4523809523809524,0.7631578947368421
22,85,54,late,swan,0.12195121951219512,FALSE,0.029411764705882353,0.22920673076923073
23,85,42,early,bird,0.926829268292683,TRUE,0.8378378378378378,1
23,85,42,early,cat,1,TRUE,1,1
23,85,42,early,cow,0.9512195121951219,TRUE,0.875,1
23,85,42,early,dog,0.975609756097561,TRUE,0.9210526315789473,1
23,85,42,late,donkey,0.34146341463414637,FALSE,0.2068711967545639,0.4857142857142857
23,85,42,early,duck,0.926829268292683,FALSE,0.8372093023255814,1
23,85,42,early,elephant,0.8780487804878049,TRUE,0.7646671826625386,0.9722222222222222
23,85,42,early,fish,0.9512195121951219,TRUE,0.871774193548387,1
23,85,42,early,horse,0.9024390243902439,TRUE,0.8,0.9787234042553191
23,85,42,late,leopard,0.21951219512195122,FALSE,0.09090909090909091,0.34043762088974855
23,85,42,late,lobster,0.17073170731707318,FALSE,0.06379654255319148,0.30005813953488364
23,85,42,late,peacock,0.3170731707317073,FALSE,0.17770833333333333,0.4687959558823529
23,85,42,late,raccoon,0.3902439024390244,FALSE,0.23995238095238094,0.5476382488479263
23,85,42,late,rhinoceros,0.4634146341463415,FALSE,0.29721780604133546,0.6123233908948194
23,85,42,late,squirrel,0.6097560975609756,FALSE,0.4523809523809524,0.7631578947368421
23,85,42,late,swan,0.12195121951219512,FALSE,0.029411764705882353,0.22920673076923073
24,85,74,early,bird,0.926829268292683,TRUE,0.8378378378378378,1
24,85,74,early,cat,1,TRUE,1,1
24,85,74,early,cow,0.9512195121951219,TRUE,0.875,1
24,85,74,early,dog,0.975609756097561,TRUE,0.9210526315789473,1
24,85,74,late,donkey,0.34146341463414637,TRUE,0.2068711967545639,0.4857142857142857
24,85,74,early,duck,0.926829268292683,TRUE,0.8372093023255814,1
24,85,74,early,elephant,0.8780487804878049,TRUE,0.7646671826625386,0.9722222222222222
24,85,74,early,fish,0.9512195121951219,TRUE,0.871774193548387,1
24,85,74,early,horse,0.9024390243902439,TRUE,0.8,0.9787234042553191
24,85,74,late,leopard,0.21951219512195122,FALSE,0.09090909090909091,0.34043762088974855
24,85,74,late,lobster,0.17073170731707318,FALSE,0.06379654255319148,0.30005813953488364
24,85,74,late,peacock,0.3170731707317073,TRUE,0.17770833333333333,0.4687959558823529
24,85,74,late,raccoon,0.3902439024390244,TRUE,0.23995238095238094,0.5476382488479263
24,85,74,late,rhinoceros,0.4634146341463415,TRUE,0.29721780604133546,0.6123233908948194
24,85,74,late,squirrel,0.6097560975609756,TRUE,0.4523809523809524,0.7631578947368421
24,85,74,late,swan,0.12195121951219512,FALSE,0.029411764705882353,0.22920673076923073
25,85,60,early,bird,0.926829268292683,TRUE,0.8378378378378378,1
25,85,60,early,cat,1,TRUE,1,1
25,85,60,early,cow,0.9512195121951219,TRUE,0.875,1
25,85,60,early,dog,0.975609756097561,TRUE,0.9210526315789473,1
25,85,60,late,donkey,0.34146341463414637,FALSE,0.2068711967545639,0.4857142857142857
25,85,60,early,duck,0.926829268292683,TRUE,0.8372093023255814,1
25,85,60,early,elephant,0.8780487804878049,TRUE,0.7646671826625386,0.9722222222222222
25,85,60,early,fish,0.9512195121951219,TRUE,0.871774193548387,1
25,85,60,early,horse,0.9024390243902439,TRUE,0.8,0.9787234042553191
25,85,60,late,leopard,0.21951219512195122,FALSE,0.09090909090909091,0.34043762088974855
25,85,60,late,lobster,0.17073170731707318,FALSE,0.06379654255319148,0.30005813953488364
25,85,60,late,peacock,0.3170731707317073,FALSE,0.17770833333333333,0.4687959558823529
25,85,60,late,raccoon,0.3902439024390244,FALSE,0.23995238095238094,0.5476382488479263
25,85,60,late,rhinoceros,0.4634146341463415,TRUE,0.29721780604133546,0.6123233908948194
25,85,60,late,squirrel,0.6097560975609756,FALSE,0.4523809523809524,0.7631578947368421
25,85,60,late,swan,0.12195121951219512,FALSE,0.029411764705882353,0.22920673076923073
26,85,57,early,bird,0.926829268292683,TRUE,0.8378378378378378,1
26,85,57,early,cat,1,TRUE,1,1
26,85,57,early,cow,0.9512195121951219,TRUE,0.875,1
26,85,57,early,dog,0.975609756097561,TRUE,0.9210526315789473,1
26,85,57,late,donkey,0.34146341463414637,FALSE,0.2068711967545639,0.4857142857142857
26,85,57,early,duck,0.926829268292683,TRUE,0.8372093023255814,1
26,85,57,early,elephant,0.8780487804878049,TRUE,0.7646671826625386,0.9722222222222222
26,85,57,early,fish,0.9512195121951219,TRUE,0.871774193548387,1
26,85,57,early,horse,0.9024390243902439,TRUE,0.8,0.9787234042553191
26,85,57,late,leopard,0.21951219512195122,FALSE,0.09090909090909091,0.34043762088974855
26,85,57,late,lobster,0.17073170731707318,FALSE,0.06379654255319148,0.30005813953488364
26,85,57,late,peacock,0.3170731707317073,FALSE,0.17770833333333333,0.4687959558823529
26,85,57,late,raccoon,0.3902439024390244,FALSE,0.23995238095238094,0.5476382488479263
26,85,57,late,rhinoceros,0.4634146341463415,FALSE,0.29721780604133546,0.6123233908948194
26,85,57,late,squirrel,0.6097560975609756,FALSE,0.4523809523809524,0.7631578947368421
26,85,57,late,swan,0.12195121951219512,FALSE,0.029411764705882353,0.22920673076923073
27,85,66,early,bird,0.926829268292683,TRUE,0.8378378378378378,1
27,85,66,early,cat,1,TRUE,1,1
27,85,66,early,cow,0.9512195121951219,TRUE,0.875,1
27,85,66,early,dog,0.975609756097561,TRUE,0.9210526315789473,1
27,85,66,late,donkey,0.34146341463414637,TRUE,0.2068711967545639,0.4857142857142857
27,85,66,early,duck,0.926829268292683,TRUE,0.8372093023255814,1
27,85,66,early,elephant,0.8780487804878049,FALSE,0.7646671826625386,0.9722222222222222
27,85,66,early,fish,0.9512195121951219,TRUE,0.871774193548387,1
27,85,66,early,horse,0.9024390243902439,TRUE,0.8,0.9787234042553191
27,85,66,late,leopard,0.21951219512195122,TRUE,0.09090909090909091,0.34043762088974855
27,85,66,late,lobster,0.17073170731707318,FALSE,0.06379654255319148,0.30005813953488364
27,85,66,late,peacock,0.3170731707317073,FALSE,0.17770833333333333,0.4687959558823529
27,85,66,late,raccoon,0.3902439024390244,TRUE,0.23995238095238094,0.5476382488479263
27,85,66,late,rhinoceros,0.4634146341463415,TRUE,0.29721780604133546,0.6123233908948194
27,85,66,late,squirrel,0.6097560975609756,TRUE,0.4523809523809524,0.7631578947368421
27,85,66,late,swan,0.12195121951219512,FALSE,0.029411764705882353,0.22920673076923073
28,85,48,early,bird,0.926829268292683,TRUE,0.8378378378378378,1
28,85,48,early,cat,1,TRUE,1,1
28,85,48,early,cow,0.9512195121951219,TRUE,0.875,1
28,85,48,early,dog,0.975609756097561,TRUE,0.9210526315789473,1
28,85,48,late,donkey,0.34146341463414637,FALSE,0.2068711967545639,0.4857142857142857
28,85,48,early,duck,0.926829268292683,TRUE,0.8372093023255814,1
28,85,48,early,elephant,0.8780487804878049,FALSE,0.7646671826625386,0.9722222222222222
28,85,48,early,fish,0.9512195121951219,TRUE,0.871774193548387,1
28,85,48,early,horse,0.9024390243902439,FALSE,0.8,0.9787234042553191
28,85,48,late,leopard,0.21951219512195122,FALSE,0.09090909090909091,0.34043762088974855
28,85,48,late,lobster,0.17073170731707318,FALSE,0.06379654255319148,0.30005813953488364
28,85,48,late,peacock,0.3170731707317073,FALSE,0.17770833333333333,0.4687959558823529
28,85,48,late,raccoon,0.3902439024390244,FALSE,0.23995238095238094,0.5476382488479263
28,85,48,late,rhinoceros,0.4634146341463415,FALSE,0.29721780604133546,0.6123233908948194
28,85,48,late,squirrel,0.6097560975609756,TRUE,0.4523809523809524,0.7631578947368421
28,85,48,late,swan,0.12195121951219512,FALSE,0.029411764705882353,0.22920673076923073
29,85,67,early,bird,0.926829268292683,TRUE,0.8378378378378378,1
29,85,67,early,cat,1,TRUE,1,1
29,85,67,early,cow,0.9512195121951219,TRUE,0.875,1
29,85,67,early,dog,0.975609756097561,TRUE,0.9210526315789473,1
29,85,67,late,donkey,0.34146341463414637,FALSE,0.2068711967545639,0.4857142857142857
29,85,67,early,duck,0.926829268292683,TRUE,0.8372093023255814,1
29,85,67,early,elephant,0.8780487804878049,TRUE,0.7646671826625386,0.9722222222222222
29,85,67,early,fish,0.9512195121951219,TRUE,0.871774193548387,1
29,85,67,early,horse,0.9024390243902439,TRUE,0.8,0.9787234042553191
29,85,67,late,leopard,0.21951219512195122,FALSE,0.09090909090909091,0.34043762088974855
29,85,67,late,lobster,0.17073170731707318,FALSE,0.06379654255319148,0.30005813953488364
29,85,67,late,peacock,0.3170731707317073,FALSE,0.17770833333333333,0.4687959558823529
29,85,67,late,raccoon,0.3902439024390244,TRUE,0.23995238095238094,0.5476382488479263
29,85,67,late,rhinoceros,0.4634146341463415,TRUE,0.29721780604133546,0.6123233908948194
29,85,67,late,squirrel,0.6097560975609756,TRUE,0.4523809523809524,0.7631578947368421
29,85,67,late,swan,0.12195121951219512,FALSE,0.029411764705882353,0.22920673076923073
30,85,75,early,bird,0.926829268292683,TRUE,0.8378378378378378,1
30,85,75,early,cat,1,TRUE,1,1
30,85,75,early,cow,0.9512195121951219,TRUE,0.875,1
30,85,75,early,dog,0.975609756097561,TRUE,0.9210526315789473,1
30,85,75,late,donkey,0.34146341463414637,TRUE,0.2068711967545639,0.4857142857142857
30,85,75,early,duck,0.926829268292683,TRUE,0.8372093023255814,1
30,85,75,early,elephant,0.8780487804878049,TRUE,0.7646671826625386,0.9722222222222222
30,85,75,early,fish,0.9512195121951219,TRUE,0.871774193548387,1
30,85,75,early,horse,0.9024390243902439,TRUE,0.8,0.9787234042553191
30,85,75,late,leopard,0.21951219512195122,TRUE,0.09090909090909091,0.34043762088974855
30,85,75,late,lobster,0.17073170731707318,FALSE,0.06379654255319148,0.30005813953488364
30,85,75,late,peacock,0.3170731707317073,TRUE,0.17770833333333333,0.4687959558823529
30,85,75,late,raccoon,0.3902439024390244,FALSE,0.23995238095238094,0.5476382488479263
30,85,75,late,rhinoceros,0.4634146341463415,FALSE,0.29721780604133546,0.6123233908948194
30,85,75,late,squirrel,0.6097560975609756,TRUE,0.4523809523809524,0.7631578947368421
30,85,75,late,swan,0.12195121951219512,TRUE,0.029411764705882353,0.22920673076923073
31,85,78,early,bird,0.926829268292683,TRUE,0.8378378378378378,1
31,85,78,early,cat,1,TRUE,1,1
31,85,78,early,cow,0.9512195121951219,TRUE,0.875,1
31,85,78,early,dog,0.975609756097561,TRUE,0.9210526315789473,1
31,85,78,late,donkey,0.34146341463414637,TRUE,0.2068711967545639,0.4857142857142857
31,85,78,early,duck,0.926829268292683,TRUE,0.8372093023255814,1
31,85,78,early,elephant,0.8780487804878049,TRUE,0.7646671826625386,0.9722222222222222
31,85,78,early,fish,0.9512195121951219,TRUE,0.871774193548387,1
31,85,78,early,horse,0.9024390243902439,TRUE,0.8,0.9787234042553191
31,85,78,late,leopard,0.21951219512195122,FALSE,0.09090909090909091,0.34043762088974855
31,85,78,late,lobster,0.17073170731707318,TRUE,0.06379654255319148,0.30005813953488364
31,85,78,late,peacock,0.3170731707317073,FALSE,0.17770833333333333,0.4687959558823529
31,85,78,late,raccoon,0.3902439024390244,TRUE,0.23995238095238094,0.5476382488479263
31,85,78,late,rhinoceros,0.4634146341463415,TRUE,0.29721780604133546,0.6123233908948194
31,85,78,late,squirrel,0.6097560975609756,TRUE,0.4523809523809524,0.7631578947368421
31,85,78,late,swan,0.12195121951219512,TRUE,0.029411764705882353,0.22920673076923073
32,85,56,early,bird,0.926829268292683,TRUE,0.8378378378378378,1
32,85,56,early,cat,1,TRUE,1,1
32,85,56,early,cow,0.9512195121951219,TRUE,0.875,1
32,85,56,early,dog,0.975609756097561,TRUE,0.9210526315789473,1
32,85,56,late,donkey,0.34146341463414637,FALSE,0.2068711967545639,0.4857142857142857
32,85,56,early,duck,0.926829268292683,TRUE,0.8372093023255814,1
32,85,56,early,elephant,0.8780487804878049,TRUE,0.7646671826625386,0.9722222222222222
32,85,56,early,fish,0.9512195121951219,TRUE,0.871774193548387,1
32,85,56,early,horse,0.9024390243902439,TRUE,0.8,0.9787234042553191
32,85,56,late,leopard,0.21951219512195122,FALSE,0.09090909090909091,0.34043762088974855
32,85,56,late,lobster,0.17073170731707318,FALSE,0.06379654255319148,0.30005813953488364
32,85,56,late,peacock,0.3170731707317073,FALSE,0.17770833333333333,0.4687959558823529
32,85,56,late,raccoon,0.3902439024390244,FALSE,0.23995238095238094,0.5476382488479263
32,85,56,late,rhinoceros,0.4634146341463415,FALSE,0.29721780604133546,0.6123233908948194
32,85,56,late,squirrel,0.6097560975609756,FALSE,0.4523809523809524,0.7631578947368421
32,85,56,late,swan,0.12195121951219512,FALSE,0.029411764705882353,0.22920673076923073
33,85,70,early,bird,0.926829268292683,TRUE,0.8378378378378378,1
33,85,70,early,cat,1,TRUE,1,1
33,85,70,early,cow,0.9512195121951219,TRUE,0.875,1
33,85,70,early,dog,0.975609756097561,TRUE,0.9210526315789473,1
33,85,70,late,donkey,0.34146341463414637,FALSE,0.2068711967545639,0.4857142857142857
33,85,70,early,duck,0.926829268292683,TRUE,0.8372093023255814,1
33,85,70,early,elephant,0.8780487804878049,TRUE,0.7646671826625386,0.9722222222222222
33,85,70,early,fish,0.9512195121951219,TRUE,0.871774193548387,1
33,85,70,early,horse,0.9024390243902439,TRUE,0.8,0.9787234042553191
33,85,70,late,leopard,0.21951219512195122,FALSE,0.09090909090909091,0.34043762088974855
33,85,70,late,lobster,0.17073170731707318,FALSE,0.06379654255319148,0.30005813953488364
33,85,70,late,peacock,0.3170731707317073,TRUE,0.17770833333333333,0.4687959558823529
33,85,70,late,raccoon,0.3902439024390244,FALSE,0.23995238095238094,0.5476382488479263
33,85,70,late,rhinoceros,0.4634146341463415,FALSE,0.29721780604133546,0.6123233908948194
33,85,70,late,squirrel,0.6097560975609756,FALSE,0.4523809523809524,0.7631578947368421
33,85,70,late,swan,0.12195121951219512,FALSE,0.029411764705882353,0.22920673076923073
34,85,26,early,bird,0.926829268292683,FALSE,0.8378378378378378,1
34,85,26,early,cat,1,TRUE,1,1
34,85,26,early,cow,0.9512195121951219,FALSE,0.875,1
34,85,26,early,dog,0.975609756097561,FALSE,0.9210526315789473,1
34,85,26,late,donkey,0.34146341463414637,FALSE,0.2068711967545639,0.4857142857142857
34,85,26,early,duck,0.926829268292683,FALSE,0.8372093023255814,1
34,85,26,early,elephant,0.8780487804878049,FALSE,0.7646671826625386,0.9722222222222222
34,85,26,early,fish,0.9512195121951219,FALSE,0.871774193548387,1
34,85,26,early,horse,0.9024390243902439,FALSE,0.8,0.9787234042553191
34,85,26,late,leopard,0.21951219512195122,FALSE,0.09090909090909091,0.34043762088974855
34,85,26,late,lobster,0.17073170731707318,FALSE,0.06379654255319148,0.30005813953488364
34,85,26,late,peacock,0.3170731707317073,FALSE,0.17770833333333333,0.4687959558823529
34,85,26,late,raccoon,0.3902439024390244,FALSE,0.23995238095238094,0.5476382488479263
34,85,26,late,rhinoceros,0.4634146341463415,FALSE,0.29721780604133546,0.6123233908948194
34,85,26,late,squirrel,0.6097560975609756,FALSE,0.4523809523809524,0.7631578947368421
34,85,26,late,swan,0.12195121951219512,FALSE,0.029411764705882353,0.22920673076923073
35,85,68,early,bird,0.926829268292683,TRUE,0.8378378378378378,1
35,85,68,early,cat,1,TRUE,1,1
35,85,68,early,cow,0.9512195121951219,TRUE,0.875,1
35,85,68,early,dog,0.975609756097561,TRUE,0.9210526315789473,1
35,85,68,late,donkey,0.34146341463414637,TRUE,0.2068711967545639,0.4857142857142857
35,85,68,early,duck,0.926829268292683,TRUE,0.8372093023255814,1
35,85,68,early,elephant,0.8780487804878049,TRUE,0.7646671826625386,0.9722222222222222
35,85,68,early,fish,0.9512195121951219,TRUE,0.871774193548387,1
35,85,68,early,horse,0.9024390243902439,TRUE,0.8,0.9787234042553191
35,85,68,late,leopard,0.21951219512195122,FALSE,0.09090909090909091,0.34043762088974855
35,85,68,late,lobster,0.17073170731707318,FALSE,0.06379654255319148,0.30005813953488364
35,85,68,late,peacock,0.3170731707317073,TRUE,0.17770833333333333,0.4687959558823529
35,85,68,late,raccoon,0.3902439024390244,TRUE,0.23995238095238094,0.5476382488479263
35,85,68,late,rhinoceros,0.4634146341463415,FALSE,0.29721780604133546,0.6123233908948194
35,85,68,late,squirrel,0.6097560975609756,TRUE,0.4523809523809524,0.7631578947368421
35,85,68,late,swan,0.12195121951219512,FALSE,0.029411764705882353,0.22920673076923073
36,85,38,early,bird,0.926829268292683,TRUE,0.8378378378378378,1
36,85,38,early,cat,1,TRUE,1,1
36,85,38,early,cow,0.9512195121951219,TRUE,0.875,1
36,85,38,early,dog,0.975609756097561,TRUE,0.9210526315789473,1
36,85,38,late,donkey,0.34146341463414637,FALSE,0.2068711967545639,0.4857142857142857
36,85,38,early,duck,0.926829268292683,TRUE,0.8372093023255814,1
36,85,38,early,elephant,0.8780487804878049,TRUE,0.7646671826625386,0.9722222222222222
36,85,38,early,fish,0.9512195121951219,TRUE,0.871774193548387,1
36,85,38,early,horse,0.9024390243902439,FALSE,0.8,0.9787234042553191
36,85,38,late,leopard,0.21951219512195122,FALSE,0.09090909090909091,0.34043762088974855
36,85,38,late,lobster,0.17073170731707318,FALSE,0.06379654255319148,0.30005813953488364
36,85,38,late,peacock,0.3170731707317073,FALSE,0.17770833333333333,0.4687959558823529
36,85,38,late,raccoon,0.3902439024390244,FALSE,0.23995238095238094,0.5476382488479263
36,85,38,late,rhinoceros,0.4634146341463415,FALSE,0.29721780604133546,0.6123233908948194
36,85,38,late,squirrel,0.6097560975609756,FALSE,0.4523809523809524,0.7631578947368421
36,85,38,late,swan,0.12195121951219512,FALSE,0.029411764705882353,0.22920673076923073
37,85,77,early,bird,0.926829268292683,TRUE,0.8378378378378378,1
37,85,77,early,cat,1,TRUE,1,1
37,85,77,early,cow,0.9512195121951219,TRUE,0.875,1
37,85,77,early,dog,0.975609756097561,TRUE,0.9210526315789473,1
37,85,77,late,donkey,0.34146341463414637,FALSE,0.2068711967545639,0.4857142857142857
37,85,77,early,duck,0.926829268292683,TRUE,0.8372093023255814,1
37,85,77,early,elephant,0.8780487804878049,TRUE,0.7646671826625386,0.9722222222222222
37,85,77,early,fish,0.9512195121951219,TRUE,0.871774193548387,1
37,85,77,early,horse,0.9024390243902439,TRUE,0.8,0.9787234042553191
37,85,77,late,leopard,0.21951219512195122,FALSE,0.09090909090909091,0.34043762088974855
37,85,77,late,lobster,0.17073170731707318,FALSE,0.06379654255319148,0.30005813953488364
37,85,77,late,peacock,0.3170731707317073,FALSE,0.17770833333333333,0.4687959558823529
37,85,77,late,raccoon,0.3902439024390244,FALSE,0.23995238095238094,0.5476382488479263
37,85,77,late,rhinoceros,0.4634146341463415,TRUE,0.29721780604133546,0.6123233908948194
37,85,77,late,squirrel,0.6097560975609756,TRUE,0.4523809523809524,0.7631578947368421
37,85,77,late,swan,0.12195121951219512,FALSE,0.029411764705882353,0.22920673076923073
38,85,64,early,bird,0.926829268292683,TRUE,0.8378378378378378,1
38,85,64,early,cat,1,TRUE,1,1
38,85,64,early,cow,0.9512195121951219,TRUE,0.875,1
38,85,64,early,dog,0.975609756097561,TRUE,0.9210526315789473,1
38,85,64,late,donkey,0.34146341463414637,TRUE,0.2068711967545639,0.4857142857142857
38,85,64,early,duck,0.926829268292683,TRUE,0.8372093023255814,1
38,85,64,early,elephant,0.8780487804878049,TRUE,0.7646671826625386,0.9722222222222222
38,85,64,early,fish,0.9512195121951219,TRUE,0.871774193548387,1
38,85,64,early,horse,0.9024390243902439,TRUE,0.8,0.9787234042553191
38,85,64,late,leopard,0.21951219512195122,FALSE,0.09090909090909091,0.34043762088974855
38,85,64,late,lobster,0.17073170731707318,FALSE,0.06379654255319148,0.30005813953488364
38,85,64,late,peacock,0.3170731707317073,FALSE,0.17770833333333333,0.4687959558823529
38,85,64,late,raccoon,0.3902439024390244,FALSE,0.23995238095238094,0.5476382488479263
38,85,64,late,rhinoceros,0.4634146341463415,FALSE,0.29721780604133546,0.6123233908948194
38,85,64,late,squirrel,0.6097560975609756,FALSE,0.4523809523809524,0.7631578947368421
38,85,64,late,swan,0.12195121951219512,FALSE,0.029411764705882353,0.22920673076923073
39,85,73,early,bird,0.926829268292683,TRUE,0.8378378378378378,1
39,85,73,early,cat,1,TRUE,1,1
39,85,73,early,cow,0.9512195121951219,TRUE,0.875,1
39,85,73,early,dog,0.975609756097561,TRUE,0.9210526315789473,1
39,85,73,late,donkey,0.34146341463414637,TRUE,0.2068711967545639,0.4857142857142857
39,85,73,early,duck,0.926829268292683,TRUE,0.8372093023255814,1
39,85,73,early,elephant,0.8780487804878049,TRUE,0.7646671826625386,0.9722222222222222
39,85,73,early,fish,0.9512195121951219,TRUE,0.871774193548387,1
39,85,73,early,horse,0.9024390243902439,TRUE,0.8,0.9787234042553191
39,85,73,late,leopard,0.21951219512195122,TRUE,0.09090909090909091,0.34043762088974855
39,85,73,late,lobster,0.17073170731707318,FALSE,0.06379654255319148,0.30005813953488364
39,85,73,late,peacock,0.3170731707317073,TRUE,0.17770833333333333,0.4687959558823529
39,85,73,late,raccoon,0.3902439024390244,TRUE,0.23995238095238094,0.5476382488479263
39,85,73,late,rhinoceros,0.4634146341463415,FALSE,0.29721780604133546,0.6123233908948194
39,85,73,late,squirrel,0.6097560975609756,TRUE,0.4523809523809524,0.7631578947368421
39,85,73,late,swan,0.12195121951219512,FALSE,0.029411764705882353,0.22920673076923073
40,85,38,early,bird,0.926829268292683,TRUE,0.8378378378378378,1
40,85,38,early,cat,1,TRUE,1,1
40,85,38,early,cow,0.9512195121951219,TRUE,0.875,1
40,85,38,early,dog,0.975609756097561,TRUE,0.9210526315789473,1
40,85,38,late,donkey,0.34146341463414637,TRUE,0.2068711967545639,0.4857142857142857
40,85,38,early,duck,0.926829268292683,TRUE,0.8372093023255814,1
40,85,38,early,elephant,0.8780487804878049,TRUE,0.7646671826625386,0.9722222222222222
40,85,38,early,fish,0.9512195121951219,TRUE,0.871774193548387,1
40,85,38,early,horse,0.9024390243902439,TRUE,0.8,0.9787234042553191
40,85,38,late,leopard,0.21951219512195122,FALSE,0.09090909090909091,0.34043762088974855
40,85,38,late,lobster,0.17073170731707318,FALSE,0.06379654255319148,0.30005813953488364
40,85,38,late,peacock,0.3170731707317073,FALSE,0.17770833333333333,0.4687959558823529
40,85,38,late,raccoon,0.3902439024390244,FALSE,0.23995238095238094,0.5476382488479263
40,85,38,late,rhinoceros,0.4634146341463415,TRUE,0.29721780604133546,0.6123233908948194
40,85,38,late,squirrel,0.6097560975609756,TRUE,0.4523809523809524,0.7631578947368421
40,85,38,late,swan,0.12195121951219512,FALSE,0.029411764705882353,0.22920673076923073
41,85,66,early,bird,0.926829268292683,TRUE,0.8378378378378378,1
41,85,66,early,cat,1,TRUE,1,1
41,85,66,early,cow,0.9512195121951219,TRUE,0.875,1
41,85,66,early,dog,0.975609756097561,TRUE,0.9210526315789473,1
41,85,66,late,donkey,0.34146341463414637,FALSE,0.2068711967545639,0.4857142857142857
41,85,66,early,duck,0.926829268292683,TRUE,0.8372093023255814,1
41,85,66,early,elephant,0.8780487804878049,TRUE,0.7646671826625386,0.9722222222222222
41,85,66,early,fish,0.9512195121951219,TRUE,0.871774193548387,1
41,85,66,early,horse,0.9024390243902439,TRUE,0.8,0.9787234042553191
41,85,66,late,leopard,0.21951219512195122,FALSE,0.09090909090909091,0.34043762088974855
41,85,66,late,lobster,0.17073170731707318,FALSE,0.06379654255319148,0.30005813953488364
41,85,66,late,peacock,0.3170731707317073,FALSE,0.17770833333333333,0.4687959558823529
41,85,66,late,raccoon,0.3902439024390244,FALSE,0.23995238095238094,0.5476382488479263
41,85,66,late,rhinoceros,0.4634146341463415,TRUE,0.29721780604133546,0.6123233908948194
41,85,66,late,squirrel,0.6097560975609756,FALSE,0.4523809523809524,0.7631578947368421
41,85,66,late,swan,0.12195121951219512,FALSE,0.029411764705882353,0.22920673076923073
42,85,75,early,bird,0.926829268292683,TRUE,0.8378378378378378,1
42,85,75,early,cat,1,TRUE,1,1
42,85,75,early,cow,0.9512195121951219,TRUE,0.875,1
42,85,75,early,dog,0.975609756097561,TRUE,0.9210526315789473,1
42,85,75,late,donkey,0.34146341463414637,FALSE,0.2068711967545639,0.4857142857142857
42,85,75,early,duck,0.926829268292683,TRUE,0.8372093023255814,1
42,85,75,early,elephant,0.8780487804878049,TRUE,0.7646671826625386,0.9722222222222222
42,85,75,early,fish,0.9512195121951219,TRUE,0.871774193548387,1
42,85,75,early,horse,0.9024390243902439,TRUE,0.8,0.9787234042553191
42,85,75,late,leopard,0.21951219512195122,FALSE,0.09090909090909091,0.34043762088974855
42,85,75,late,lobster,0.17073170731707318,FALSE,0.06379654255319148,0.30005813953488364
42,85,75,late,peacock,0.3170731707317073,FALSE,0.17770833333333333,0.4687959558823529
42,85,75,late,raccoon,0.3902439024390244,FALSE,0.23995238095238094,0.5476382488479263
42,85,75,late,rhinoceros,0.4634146341463415,FALSE,0.29721780604133546,0.6123233908948194
42,85,75,late,squirrel,0.6097560975609756,TRUE,0.4523809523809524,0.7631578947368421
42,85,75,late,swan,0.12195121951219512,FALSE,0.029411764705882353,0.22920673076923073
43,85,83,early,bird,0.926829268292683,TRUE,0.8378378378378378,1
43,85,83,early,cat,1,TRUE,1,1
43,85,83,early,cow,0.9512195121951219,TRUE,0.875,1
43,85,83,early,dog,0.975609756097561,TRUE,0.9210526315789473,1
43,85,83,late,donkey,0.34146341463414637,TRUE,0.2068711967545639,0.4857142857142857
43,85,83,early,duck,0.926829268292683,TRUE,0.8372093023255814,1
43,85,83,early,elephant,0.8780487804878049,TRUE,0.7646671826625386,0.9722222222222222
43,85,83,early,fish,0.9512195121951219,TRUE,0.871774193548387,1
43,85,83,early,horse,0.9024390243902439,TRUE,0.8,0.9787234042553191
43,85,83,late,leopard,0.21951219512195122,TRUE,0.09090909090909091,0.34043762088974855
43,85,83,late,lobster,0.17073170731707318,FALSE,0.06379654255319148,0.30005813953488364
43,85,83,late,peacock,0.3170731707317073,TRUE,0.17770833333333333,0.4687959558823529
43,85,83,late,raccoon,0.3902439024390244,TRUE,0.23995238095238094,0.5476382488479263
43,85,83,late,rhinoceros,0.4634146341463415,TRUE,0.29721780604133546,0.6123233908948194
43,85,83,late,squirrel,0.6097560975609756,TRUE,0.4523809523809524,0.7631578947368421
43,85,83,late,swan,0.12195121951219512,TRUE,0.029411764705882353,0.22920673076923073
44,85,71,early,bird,0.926829268292683,TRUE,0.8378378378378378,1
44,85,71,early,cat,1,TRUE,1,1
44,85,71,early,cow,0.9512195121951219,TRUE,0.875,1
44,85,71,early,dog,0.975609756097561,TRUE,0.9210526315789473,1
44,85,71,late,donkey,0.34146341463414637,FALSE,0.2068711967545639,0.4857142857142857
44,85,71,early,duck,0.926829268292683,TRUE,0.8372093023255814,1
44,85,71,early,elephant,0.8780487804878049,TRUE,0.7646671826625386,0.9722222222222222
44,85,71,early,fish,0.9512195121951219,TRUE,0.871774193548387,1
44,85,71,early,horse,0.9024390243902439,TRUE,0.8,0.9787234042553191
44,85,71,late,leopard,0.21951219512195122,TRUE,0.09090909090909091,0.34043762088974855
44,85,71,late,lobster,0.17073170731707318,TRUE,0.06379654255319148,0.30005813953488364
44,85,71,late,peacock,0.3170731707317073,TRUE,0.17770833333333333,0.4687959558823529
44,85,71,late,raccoon,0.3902439024390244,TRUE,0.23995238095238094,0.5476382488479263
44,85,71,late,rhinoceros,0.4634146341463415,TRUE,0.29721780604133546,0.6123233908948194
44,85,71,late,squirrel,0.6097560975609756,TRUE,0.4523809523809524,0.7631578947368421
44,85,71,late,swan,0.12195121951219512,TRUE,0.029411764705882353,0.22920673076923073
45,85,81,early,bird,0.926829268292683,TRUE,0.8378378378378378,1
45,85,81,early,cat,1,TRUE,1,1
45,85,81,early,cow,0.9512195121951219,TRUE,0.875,1
45,85,81,early,dog,0.975609756097561,TRUE,0.9210526315789473,1
45,85,81,late,donkey,0.34146341463414637,TRUE,0.2068711967545639,0.4857142857142857
45,85,81,early,duck,0.926829268292683,TRUE,0.8372093023255814,1
45,85,81,early,elephant,0.8780487804878049,TRUE,0.7646671826625386,0.9722222222222222
45,85,81,early,fish,0.9512195121951219,TRUE,0.871774193548387,1
45,85,81,early,horse,0.9024390243902439,TRUE,0.8,0.9787234042553191
45,85,81,late,leopard,0.21951219512195122,TRUE,0.09090909090909091,0.34043762088974855
45,85,81,late,lobster,0.17073170731707318,TRUE,0.06379654255319148,0.30005813953488364
45,85,81,late,peacock,0.3170731707317073,TRUE,0.17770833333333333,0.4687959558823529
45,85,81,late,raccoon,0.3902439024390244,TRUE,0.23995238095238094,0.5476382488479263
45,85,81,late,rhinoceros,0.4634146341463415,TRUE,0.29721780604133546,0.6123233908948194
45,85,81,late,squirrel,0.6097560975609756,TRUE,0.4523809523809524,0.7631578947368421
45,85,81,late,swan,0.12195121951219512,FALSE,0.029411764705882353,0.22920673076923073
46,85,23,early,bird,0.926829268292683,TRUE,0.8378378378378378,1
46,85,23,early,cat,1,TRUE,1,1
46,85,23,early,cow,0.9512195121951219,FALSE,0.875,1
46,85,23,early,dog,0.975609756097561,TRUE,0.9210526315789473,1
46,85,23,late,donkey,0.34146341463414637,FALSE,0.2068711967545639,0.4857142857142857
46,85,23,early,duck,0.926829268292683,FALSE,0.8372093023255814,1
46,85,23,early,elephant,0.8780487804878049,FALSE,0.7646671826625386,0.9722222222222222
46,85,23,early,fish,0.9512195121951219,FALSE,0.871774193548387,1
46,85,23,early,horse,0.9024390243902439,FALSE,0.8,0.9787234042553191
46,85,23,late,leopard,0.21951219512195122,FALSE,0.09090909090909091,0.34043762088974855
46,85,23,late,lobster,0.17073170731707318,FALSE,0.06379654255319148,0.30005813953488364
46,85,23,late,peacock,0.3170731707317073,FALSE,0.17770833333333333,0.4687959558823529
46,85,23,late,raccoon,0.3902439024390244,FALSE,0.23995238095238094,0.5476382488479263
46,85,23,late,rhinoceros,0.4634146341463415,FALSE,0.29721780604133546,0.6123233908948194
46,85,23,late,squirrel,0.6097560975609756,FALSE,0.4523809523809524,0.7631578947368421
46,85,23,late,swan,0.12195121951219512,FALSE,0.029411764705882353,0.22920673076923073
47,85,55,early,bird,0.926829268292683,FALSE,0.8378378378378378,1
47,85,55,early,cat,1,TRUE,1,1
47,85,55,early,cow,0.9512195121951219,TRUE,0.875,1
47,85,55,early,dog,0.975609756097561,TRUE,0.9210526315789473,1
47,85,55,late,donkey,0.34146341463414637,FALSE,0.2068711967545639,0.4857142857142857
47,85,55,early,duck,0.926829268292683,TRUE,0.8372093023255814,1
47,85,55,early,elephant,0.8780487804878049,TRUE,0.7646671826625386,0.9722222222222222
47,85,55,early,fish,0.9512195121951219,TRUE,0.871774193548387,1
47,85,55,early,horse,0.9024390243902439,TRUE,0.8,0.9787234042553191
47,85,55,late,leopard,0.21951219512195122,FALSE,0.09090909090909091,0.34043762088974855
47,85,55,late,lobster,0.17073170731707318,TRUE,0.06379654255319148,0.30005813953488364
47,85,55,late,peacock,0.3170731707317073,FALSE,0.17770833333333333,0.4687959558823529
47,85,55,late,raccoon,0.3902439024390244,FALSE,0.23995238095238094,0.5476382488479263
47,85,55,late,rhinoceros,0.4634146341463415,FALSE,0.29721780604133546,0.6123233908948194
47,85,55,late,squirrel,0.6097560975609756,FALSE,0.4523809523809524,0.7631578947368421
47,85,55,late,swan,0.12195121951219512,FALSE,0.029411764705882353,0.22920673076923073
